{
  "metadata": {
    "random_state": 42,
    "test_size": 0.2,
    "task_type": "regression",
    "domain": "basketball",
    "dataset_path": "case-studies/basketball-points-prediction-linear-reg/data/points_prediction_data.csv",
    "target": "PTS_next",
    "features": [
      "MIN_float",
      "FGA",
      "3PA",
      "FTA",
      "ORB",
      "DRB",
      "AST",
      "STL",
      "BLK",
      "TOV",
      "PF"
    ],
    "split_strategy": "time_ordered_by_date"
  },
  "baseline": {
    "mae": 7.748421052631578,
    "mse": 94.46557894736841,
    "rmse": 9.71934045845542,
    "r2": 0.27829809015173745,
    "smape": 0.40580357745690643,
    "n_test": 190
  },
  "linear_regression": {
    "mae": 6.347586654861839,
    "mse": 66.1475183810199,
    "rmse": 8.133112465779623,
    "r2": 0.49464354234357855,
    "smape": 0.33497067470603853,
    "n_test": 190
  },
  "coefficients": {
    "intercept": 2.732766884720391,
    "raw": {
      "MIN_float": 0.34110211115415945,
      "FGA": 0.36204747992701414,
      "3PA": 0.6652672574714303,
      "FTA": 0.31818094730087904,
      "ORB": 1.0648607698902872,
      "DRB": 0.20031245842791992,
      "AST": 0.15621356988993815,
      "STL": 0.30857836403210087,
      "BLK": -0.22060848624249074,
      "TOV": -0.010725204997124593,
      "PF": 0.1284775920181435
    },
    "standardized": {
      "MIN_float": 2.6780530009565897,
      "FGA": 2.5395824549634836,
      "3PA": 2.418581191191053,
      "FTA": 0.7508532249383393,
      "ORB": 1.4845421335821056,
      "DRB": 0.5946934358404049,
      "AST": 0.3739593054422187,
      "STL": 0.36715002963772675,
      "BLK": -0.2072792424538278,
      "TOV": -0.0181938729184452,
      "PF": 0.20197208932837452
    }
  }
}